frame,player,ankle_x,ankle_y,ankle_score,box_bottom_y
44851,p4,1676.33,455.21,0.959,477.3
44851,p1,381.87,621.78,0.908,663.39
44854,p4,1676.13,455.15,0.958,476.94
44857,p4,1675.84,455.08,0.961,476.53
44857,p1,439.84,611.55,0.933,646.92
44857,p2,837.98,451.13,0.947,475.22
44860,p4,1675.67,455.27,0.962,477.99
44860,p1,464.84,610.61,0.872,648.84
44860,p2,838.12,450.36,0.934,472.98
44860,p3,1476.63,418.05,0.916,432.25
44863,p3,1476.01,418.2,0.901,432.8
44863,p1,480.57,607.65,0.908,648.64
44863,p4,1675.66,455.24,0.963,478.41
44866,p3,1474.88,421.54,0.79,430.68
44866,p1,505.06,595.41,0.859,647.91
44866,p4,1674.78,454.94,0.961,475.4
44869,p4,1674.82,453.33,0.935,471.19
44869,p3,1473.87,423.04,0.858,432.25
44878,p2,617.05,491.22,0.078,468.1
44887,p4,1675.54,457.52,0.953,479.11
44890,p4,1675.31,457.73,0.955,478.46
44893,p1,625.69,915.03,0.978,979.62
44893,p4,1675.24,457.74,0.955,478.31
44896,p2,839.24,449.37,0.908,473.92
44896,p4,1674.95,457.66,0.955,478.4
44896,p1,601.81,918.35,0.992,989.14
44899,p4,1674.62,457.36,0.952,477.44
44899,p1,577.25,932.12,0.996,1001.06
44902,p1,582.31,929.67,0.995,994.87
44902,p4,1674.35,457.41,0.952,478.33
44905,p1,595.58,924.55,0.99,989.91
44905,p4,1674.3,457.3,0.953,478.38
44908,p4,1674.31,457.17,0.95,478.29
44908,p1,611.4,934.08,0.993,1018.95
44911,p4,1674.58,456.51,0.953,477.03
44911,p1,611.48,961.61,0.996,1038.68
44914,p1,611.73,956.07,0.996,1034.41
44914,p4,1674.83,456.38,0.952,477.24
44917,p1,608.79,928.54,0.996,1007.69
44917,p4,1674.88,456.31,0.951,477.05
44920,p4,1674.88,456.08,0.947,477.32
44920,p1,581.15,925.43,0.994,1011.32
44923,p4,1675.06,455.89,0.946,476.43
44923,p1,566.82,928.91,0.993,1013.67
44923,p2,801.64,520.87,0.978,543.93
44926,p2,807.07,522.38,0.979,551.71
44926,p1,575.06,921.56,0.993,1000.74
44926,p4,1675.35,455.82,0.95,475.04
44929,p2,810.75,519.65,0.958,551.28
44929,p1,599.4,922.81,0.982,997.04
44929,p4,1675.4,455.76,0.945,474.81
44932,p4,1675.23,455.4,0.932,474.48
44932,p1,620.11,945.1,0.974,1028.81
44932,p2,809.12,510.68,0.94,549.07
44935,p4,1674.68,455.37,0.954,473.87
44935,p1,618.69,960.04,0.975,1041.21
44935,p2,808.95,512.51,0.963,551.12
44938,p2,807.93,512.8,0.961,551.96
44938,p1,624.21,954.33,0.974,1028.93
44938,p4,1674.87,455.62,0.952,478.0
44941,p2,799.66,510.2,0.972,548.22
44941,p1,630.47,958.25,0.978,1031.01
44941,p4,1675.16,455.72,0.955,479.21
44944,p1,632.26,973.75,0.978,1054.7
44944,p4,1675.19,456.0,0.955,479.38
44947,p1,632.23,977.59,0.978,1054.44
44947,p4,1674.96,456.13,0.957,478.74
44947,p2,775.11,505.46,0.915,531.01
44950,p1,632.27,980.81,0.979,1056.34
44950,p4,1674.69,456.42,0.957,478.84
44953,p2,751.42,509.74,0.966,545.55
44953,p1,632.77,981.11,0.973,1055.25
44953,p4,1674.69,456.56,0.961,479.54
44956,p4,1674.85,456.6,0.959,478.65
44956,p1,633.21,980.27,0.991,1058.08
44956,p2,746.11,510.57,0.968,538.91
44959,p2,740.95,512.17,0.983,540.21
44959,p1,633.17,980.35,0.987,1060.72
44959,p4,1674.99,456.58,0.961,478.49
44962,p2,740.47,511.07,0.966,535.23
44962,p1,633.44,980.06,0.992,1058.42
44962,p4,1675.28,456.45,0.961,477.33
44965,p2,737.77,508.72,0.964,535.25
44965,p1,633.7,979.57,0.992,1058.56
44965,p4,1675.5,456.34,0.962,478.19
44968,p4,1675.59,456.58,0.959,478.94
44968,p1,633.41,979.72,0.986,1060.75
44968,p2,738.52,505.27,0.94,531.67
44971,p2,741.51,505.49,0.951,537.58
44971,p1,633.47,979.01,0.992,1058.3
44971,p4,1675.75,456.72,0.957,478.73
44974,p4,1675.51,456.78,0.958,477.07
44974,p1,633.58,978.52,0.992,1058.19
44974,p2,744.51,506.29,0.951,539.28
44977,p2,749.29,508.29,0.959,540.78
44977,p1,633.27,978.82,0.988,1060.94
44977,p4,1675.82,456.94,0.95,478.44
44980,p4,1675.94,456.87,0.955,478.69
44980,p1,632.91,979.35,0.987,1060.6
44980,p2,753.64,507.54,0.95,533.33
44983,p2,764.82,504.6,0.94,532.59
44983,p1,632.63,979.68,0.986,1060.05
44983,p4,1675.87,456.8,0.953,478.69
44986,p2,766.09,501.83,0.948,533.24
44986,p1,632.79,979.62,0.991,1058.01
44986,p4,1675.83,456.6,0.95,478.19
44989,p2,766.17,499.38,0.961,532.58
44989,p1,632.88,979.92,0.991,1057.86
44992,p4,1676.03,456.36,0.951,478.44
44992,p2,764.26,499.13,0.962,533.7
44992,p3,1492.94,422.93,0.928,435.3
44992,p1,632.78,980.33,0.99,1057.84
44995,p1,632.68,980.63,0.99,1057.72
44995,p4,1676.1,456.37,0.949,477.53
44995,p2,766.65,499.65,0.961,534.32
44998,p4,1676.07,456.13,0.948,476.29
44998,p2,760.58,503.14,0.924,533.04
44998,p1,632.69,980.9,0.991,1057.53
45001,p1,632.67,980.98,0.991,1057.46
45001,p4,1676.01,456.21,0.947,476.84
45001,p2,759.34,505.56,0.959,533.84
45004,p4,1676.08,456.14,0.956,478.52
45004,p1,632.79,981.02,0.99,1057.98
45007,p4,1675.97,456.25,0.952,477.99
45007,p2,750.44,511.98,0.956,549.81
45007,p1,632.77,981.02,0.991,1057.88
45010,p1,632.72,981.04,0.99,1057.91
45010,p2,752.0,512.42,0.954,547.64
45010,p4,1675.72,456.49,0.942,477.85
45013,p1,632.7,981.1,0.991,1057.97
45013,p2,751.8,512.68,0.943,547.49
45016,p2,752.32,512.82,0.948,545.7
45016,p1,632.35,981.79,0.985,1060.38
45019,p1,632.18,982.1,0.986,1060.59
45019,p2,753.03,512.78,0.949,544.55
45022,p1,632.1,982.06,0.986,1060.27
45022,p2,753.34,512.5,0.949,544.32
45025,p2,753.34,512.81,0.954,545.09
45025,p1,632.02,982.06,0.986,1059.97
45028,p1,631.96,982.06,0.986,1060.26
45028,p2,755.95,512.94,0.95,544.99
45031,p1,631.97,982.03,0.986,1060.19
45031,p2,757.52,513.07,0.947,544.38
45034,p2,758.95,513.23,0.944,542.78
45034,p1,631.93,982.06,0.987,1060.25
45037,p2,762.33,513.49,0.942,543.66
45037,p1,631.84,982.17,0.987,1060.63
45040,p1,631.98,981.88,0.991,1057.34
45040,p2,762.28,510.86,0.944,539.06
45043,p1,632.07,981.61,0.991,1056.98
45043,p2,763.95,510.1,0.943,539.21
45046,p1,632.15,981.57,0.991,1057.71
45046,p2,765.94,509.69,0.949,538.97
45049,p2,766.64,509.38,0.942,539.08
45049,p1,632.18,981.36,0.992,1057.27
45052,p1,632.23,981.27,0.992,1057.47
45052,p2,767.37,508.69,0.944,537.24
45055,p2,766.71,507.74,0.944,537.5
45055,p1,632.31,981.28,0.991,1057.31
45058,p2,761.45,506.8,0.949,537.33
45058,p1,632.28,981.1,0.991,1056.8
45061,p1,632.28,980.92,0.991,1057.08
45061,p2,762.75,507.38,0.949,537.59
45064,p2,763.6,507.92,0.949,538.15
45064,p1,632.31,980.71,0.991,1057.34
45067,p2,763.56,508.42,0.948,538.43
45067,p1,632.31,980.63,0.991,1057.44
45070,p2,765.23,508.88,0.945,538.18
45070,p1,632.35,980.69,0.991,1057.23
45073,p1,632.3,980.81,0.991,1057.54
45073,p2,764.11,509.06,0.937,538.09
45076,p2,762.29,509.43,0.931,539.52
45076,p1,632.31,980.88,0.991,1057.46
45079,p2,762.31,509.63,0.929,540.32
45079,p1,632.28,980.9,0.992,1057.15
45082,p1,632.26,980.75,0.991,1056.55
45082,p2,762.32,509.81,0.931,540.55
45085,p1,632.24,980.78,0.991,1056.79
45085,p2,762.56,510.39,0.928,540.77
45088,p2,762.29,510.63,0.937,541.51
45088,p1,632.24,980.83,0.991,1057.02
45091,p2,762.54,510.51,0.94,541.47
45091,p1,632.29,980.88,0.991,1056.99
45094,p2,762.65,510.17,0.938,541.11
45094,p1,632.34,980.84,0.991,1056.88
45097,p1,632.32,980.92,0.991,1057.5
45097,p2,762.91,510.19,0.934,541.02
45100,p2,762.69,510.13,0.939,540.95
45100,p1,632.34,981.0,0.991,1057.56
45103,p1,632.37,981.03,0.991,1057.21
45103,p2,762.67,509.95,0.938,540.9
45103,p3,1481.31,421.52,0.794,433.79
45106,p2,762.33,509.83,0.94,540.29
45106,p1,632.37,981.1,0.991,1057.39
45109,p1,632.33,981.08,0.991,1057.54
45109,p2,762.74,510.0,0.942,540.11
45112,p2,763.52,510.02,0.931,541.36
45112,p1,632.32,981.11,0.992,1057.63
45115,p1,632.33,980.83,0.992,1057.34
45115,p2,770.33,509.8,0.939,538.84
45118,p2,763.75,507.56,0.94,535.69
45118,p1,632.39,980.48,0.992,1056.87
45121,p1,632.45,979.57,0.993,1056.81
45121,p2,767.31,508.43,0.914,535.63
45124,p2,768.58,507.79,0.965,531.71
45124,p1,632.75,978.27,0.993,1057.33
45127,p1,632.91,976.05,0.991,1053.15
45127,p2,750.14,508.37,0.962,531.93
45130,p2,752.23,508.75,0.976,535.94
45130,p1,633.93,976.46,0.979,1051.44
45130,p3,1479.37,420.59,0.926,438.75
45133,p2,755.9,507.75,0.978,534.08
45133,p1,637.54,975.92,0.973,1051.56
45136,p2,758.05,507.31,0.968,527.78
45136,p3,1464.41,419.95,0.968,436.18
45136,p1,643.33,975.39,0.979,1052.62
45139,p1,646.36,972.95,0.987,1060.42
45139,p3,1454.39,419.6,0.97,432.77
45142,p3,1446.85,419.65,0.926,432.34
45142,p4,1668.16,454.45,0.96,474.6
45142,p1,680.81,995.0,0.986,1057.09
45145,p3,1440.2,423.48,0.851,434.21
45145,p1,764.72,1018.49,0.988,1071.86
45145,p4,1667.51,454.26,0.968,473.42
45148,p1,831.66,1036.4,0.941,1076.29
45148,p3,1429.82,422.09,0.89,432.07
45148,p4,1664.59,454.82,0.976,474.23
