frame,x,y,conf
44851,,,0.04
44852,,,0.04
44853,,,0.04
44854,,,0.04
44855,,,0.06
44856,1456.8,392.16,0.37
44857,1450.02,408.11,0.38
44858,,,0.07
44859,,,0.07
44860,1443.57,416.5,0.64
44861,1445.05,406.25,0.95
44862,1445.6,397.64,0.53
44863,,,0.05
44864,,,0.04
44865,,,0.04
44866,,,0.04
44867,,,0.04
44868,,,0.04
44869,1445.2,411.41,0.72
44870,,,0.27
44871,,,0.14
44872,1450.02,407.67,0.87
44873,1452.75,397.42,0.92
44874,,,0.05
44875,,,0.08
44876,,,0.06
44877,,,0.05
44878,,,0.05
44879,,,0.05
44880,,,0.05
44881,,,0.04
44882,,,0.08
44883,,,0.1
44884,,,0.03
44885,,,0.03
44886,,,0.03
44887,,,0.04
44888,,,0.06
44889,,,0.03
44890,,,0.04
44891,,,0.03
44892,,,0.03
44893,,,0.07
44894,749.17,954.19,0.45
44895,1445.33,397.78,0.51
44896,,,0.06
44897,,,0.04
44898,1438.8,425.24,0.56
44899,1440.97,410.52,0.83
44900,,,0.18
44901,1442.43,392.52,0.55
44902,,,0.33
44903,,,0.03
44904,,,0.06
44905,,,0.11
44906,,,0.06
44907,,,0.2
44908,1449.71,402.54,0.49
44909,1451.25,425.65,0.57
44910,,,0.03
44911,,,0.08
44912,1460.34,402.83,0.75
44913,,,0.14
44914,,,0.13
44915,,,0.23
44916,,,0.03
44917,,,0.04
44918,,,0.12
44919,,,0.08
44920,,,0.13
44921,,,0.04
44922,,,0.03
44923,,,0.04
44924,,,0.04
44925,,,0.03
44926,,,0.03
44927,,,0.03
44928,,,0.21
44929,,,0.07
44930,,,0.07
44931,,,0.04
44932,,,0.03
44933,,,0.06
44934,,,0.03
44935,,,0.17
44936,,,0.03
44937,,,0.24
44938,,,0.32
44939,,,0.1
44940,1451.38,425.52,0.87
44941,1451.46,410.53,0.67
44942,1453.12,401.97,0.59
44943,,,0.04
44944,,,0.07
44945,,,0.03
44946,,,0.03
44947,,,0.03
44948,,,0.03
44949,,,0.21
44950,1454.33,425.91,0.93
44951,,,0.03
44952,,,0.16
44953,1457.54,402.74,0.55
44954,1459.18,391.04,0.68
44955,,,0.03
44956,,,0.27
44957,,,0.04
44958,,,0.04
44959,,,0.04
44960,,,0.04
44961,,,0.04
44962,,,0.04
44963,,,0.04
44964,,,0.04
44965,,,0.04
44966,,,0.04
44967,,,0.04
44968,,,0.04
44969,,,0.04
44970,,,0.04
44971,,,0.04
44972,,,0.04
44973,,,0.04
44974,,,0.04
44975,,,0.04
44976,,,0.04
44977,,,0.04
44978,,,0.05
44979,,,0.05
44980,,,0.07
44981,,,0.06
44982,,,0.06
44983,,,0.06
44984,,,0.06
44985,,,0.06
44986,,,0.06
44987,,,0.06
44988,,,0.06
44989,,,0.06
44990,,,0.06
44991,,,0.06
44992,,,0.06
44993,,,0.07
44994,,,0.07
44995,,,0.07
44996,,,0.06
44997,,,0.07
44998,,,0.07
44999,,,0.07
45000,,,0.06
45001,,,0.06
45002,,,0.06
45003,,,0.07
45004,,,0.06
45005,,,0.06
45006,,,0.06
45007,,,0.06
45008,,,0.07
45009,,,0.06
45010,,,0.06
45011,,,0.06
45012,,,0.06
45013,,,0.06
45014,,,0.06
45015,,,0.07
45016,1480.3,405.8,0.64
45017,1476.18,427.32,0.83
45018,,,0.08
45019,1472.55,426.24,0.74
45020,1473.6,411.64,0.55
45021,1472.7,402.23,0.42
45022,,,0.08
45023,,,0.07
45024,,,0.07
45025,,,0.07
45026,,,0.06
45027,,,0.07
45028,,,0.09
45029,,,0.06
45030,,,0.07
45031,,,0.11
45032,1473.02,401.82,0.45
45033,,,0.27
45034,,,0.11
45035,,,0.07
45036,,,0.07
45037,,,0.07
45038,,,0.07
45039,,,0.06
45040,,,0.06
45041,,,0.06
45042,,,0.06
45043,,,0.06
45044,,,0.06
45045,,,0.04
45046,,,0.02
45047,,,0.03
45048,,,0.03
45049,,,0.03
45050,,,0.04
45051,,,0.04
45052,,,0.03
45053,,,0.03
45054,,,0.07
45055,,,0.26
45056,1452.79,422.37,0.71
45057,,,0.05
45058,1452.5,421.94,0.86
45059,1453.62,409.71,0.39
45060,,,0.19
45061,,,0.07
45062,,,0.05
45063,,,0.05
45064,,,0.05
45065,,,0.06
45066,,,0.05
45067,,,0.09
45068,,,0.11
45069,,,0.05
45070,1463.36,419.94,0.49
45071,1464.96,407.62,0.66
45072,1467.43,395.78,0.44
45073,,,0.05
45074,,,0.04
45075,,,0.06
45076,,,0.06
45077,,,0.07
45078,,,0.06
45079,,,0.07
45080,,,0.07
45081,,,0.07
45082,,,0.07
45083,,,0.07
45084,,,0.07
45085,,,0.07
45086,,,0.07
45087,,,0.07
45088,,,0.08
45089,,,0.08
45090,,,0.08
45091,1465.31,404.81,0.52
45092,,,0.32
45093,,,0.04
45094,,,0.34
45095,1466.34,408.84,0.66
45096,1469.11,399.06,0.4
45097,,,0.04
45098,,,0.16
45099,,,0.04
45100,,,0.04
45101,,,0.04
45102,,,0.04
45103,,,0.04
45104,,,0.04
45105,,,0.04
45106,,,0.05
45107,,,0.04
45108,,,0.04
45109,,,0.05
45110,,,0.04
45111,,,0.05
45112,,,0.05
45113,,,0.05
45114,,,0.08
45115,,,0.05
45116,,,0.05
45117,,,0.05
45118,,,0.04
45119,,,0.05
45120,,,0.28
45121,,,0.06
45122,,,0.06
45123,,,0.07
45124,,,0.13
45125,,,0.06
45126,,,0.06
45127,1443.03,394.94,0.89
45128,1438.64,380.37,0.73
45129,1434.6,365.64,0.89
45130,1429.85,352.89,0.95
45131,1424.47,340.82,0.91
45132,1418.79,329.78,0.93
45133,1412.25,320.86,0.9
45134,1405.36,313.51,0.85
45135,1398.01,306.78,0.36
45136,,,0.27
45137,,,0.09
45138,1372.67,297.78,0.76
45139,,,0.23
45140,1349.38,305.29,0.9
45141,1337.63,310.82,0.92
45142,1324.92,321.08,0.91
45143,1309.93,333.61,0.88
45144,1294.99,350.55,0.84
45145,1276.98,373.29,0.71
45146,1258.28,397.14,0.85
45147,1239.02,426.25,0.94
45148,1217.95,461.06,0.84
45149,1193.05,505.32,0.9
